edition_id,ad_category,quarter,ad_revenue,currency,comments,final_revenue_inr
ED1005,A001,2023-Q2,22613.69,EUR,,2035232.1
ED1005,A002,Q1-2019,39366.88,USD,,3267451.04
ED1001,A003,Q3-2023,3709860,INR,,3709860
ED1003,A002,Q3-2023,40969.55,USD,,3400472.65
ED1007,A003,4th Qtr 2020,51779.4,USD,,4297690.2
ED1001,A001,2024-Q2,4790190,INR,,4790190
ED1001,A003,2024-Q2,4571581,INR,,4571581
ED1003,A002,Q1-2019,2719829,INR,,2719829
ED1005,A002,2019-Q2,3071973,INR,,3071973
ED1006,A001,Q3-2021,1555116,INR,,1555116
ED1010,A002,4th Qtr 2023,4669088,INR,,4669088
ED1007,A002,2020-Q2,4955352,INR,,4955352
ED1001,A002,2022-Q2,49883.14,EUR,,4489482.6
ED1002,A003,2021-Q2,4450464,INR,,4450464
ED1006,A001,4th Qtr 2024,1034680,INR,,1034680
ED1005,A003,2022-Q2,1348728,INR,,1348728
ED1002,A004,Q1-2020,1268118,INR,,1268118
ED1009,A004,2023-Q2,2924089,INR,,2924089
ED1004,A002,Q3-2022,2576243,INR,,2576243
ED1003,A002,4th Qtr 2024,27357.18,USD,,2270645.94
ED1007,A004,Q1-2020,4539802,INR,,4539802
ED1006,A003,Q3-2019,3066125,INR,Seasonal drop in demand,3066125
ED1001,A002,4th Qtr 2021,4288952,INR,,4288952
ED1010,A001,Q1-2022,2750538,INR,,2750538
ED1007,A003,4th Qtr 2022,4542127,INR,,4542127
ED1005,A001,4th Qtr 2021,2013545,INR,,2013545
ED1004,A001,Q1-2022,4448644,INR,,4448644
ED1003,A001,Q3-2024,4048442,INR,,4048442
ED1002,A002,Q1-2023,1924178,INR,,1924178
ED1002,A004,Q1-2024,1020381,INR,,1020381
ED1006,A003,4th Qtr 2023,4644944,INR,,4644944
ED1006,A004,2019-Q2,4384750,INR,,4384750
ED1005,A002,Q1-2023,2445554,INR,,2445554
ED1006,A004,2020-Q2,4843897,INR,,4843897
ED1008,A004,Q3-2024,3051940,INR,,3051940
ED1009,A001,Q1-2024,2561869,INR,,2561869
ED1010,A001,Q3-2024,2354447,INR,,2354447
ED1008,A001,2024-Q2,1388920,INR,,1388920
ED1009,A002,Q3-2019,16343.53,USD,,1356512.99
ED1007,A003,Q1-2024,3348030,INR,,3348030
ED1005,A002,Q1-2020,4107380,INR,,4107380
ED1002,A003,2024-Q2,1245991,INR,Festive push,1245991
ED1001,A002,Q1-2023,1295165,INR,New FMCG client onboarded,1295165
ED1010,A004,2024-Q2,3119807,INR,,3119807
ED1006,A001,Q3-2023,4624468,INR,,4624468
ED1002,A001,Q1-2019,1982122,INR,,1982122
ED1005,A001,Q3-2023,3430992,INR,,3430992
ED1009,A004,4th Qtr 2020,25800.81,EUR,,2322072.9
ED1010,A001,2019-Q2,51151.89,USD,,4245606.87
ED1002,A001,2019-Q2,3111682,INR,,3111682
ED1008,A003,Q3-2020,41630.06,EUR,,3746705.4
ED1010,A002,Q1-2021,3077410,INR,,3077410
ED1007,A002,2019-Q2,1537804,INR,,1537804
ED1009,A003,2020-Q2,3950094,INR,,3950094
ED1002,A001,4th Qtr 2023,1158282,INR,,1158282
ED1005,A001,2024-Q2,3610193,INR,,3610193
ED1003,A002,Q3-2024,4525881,INR,,4525881
ED1003,A001,4th Qtr 2024,1557675,INR,,1557675
ED1002,A001,Q1-2020,42184.81,USD,,3501339.23
ED1005,A003,2022-Q2,36630.11,EUR,,3296709.9
ED1008,A004,2021-Q2,2501403,INR,,2501403
ED1001,A003,4th Qtr 2019,1890078,INR,,1890078
ED1002,A003,Q3-2019,1433751,INR,,1433751
ED1006,A002,4th Qtr 2021,30096.2,EUR,,2708658
ED1004,A001,4th Qtr 2021,4335023,INR,,4335023
ED1002,A004,Q1-2021,2639961,INR,,2639961
ED1010,A001,Q3-2019,1918764,INR,,1918764
ED1003,A001,4th Qtr 2019,21393.41,EUR,,1925406.9
ED1008,A003,4th Qtr 2020,1837077,INR,,1837077
ED1009,A004,Q3-2020,2947293,INR,,2947293
ED1010,A001,Q3-2020,49269.6,USD,,4089376.8
ED1006,A003,Q1-2023,3928163,INR,,3928163
ED1002,A002,4th Qtr 2019,20040.84,USD,,1663389.72
ED1006,A001,4th Qtr 2020,1282723,INR,,1282723
ED1003,A001,2019-Q2,3213538,INR,,3213538
ED1008,A001,Q3-2021,2523860,INR,,2523860
ED1009,A001,2019-Q2,46429.08,EUR,,4178617.2
ED1005,A001,Q3-2023,4085719,INR,,4085719
ED1010,A003,Q3-2024,4763723,INR,,4763723
ED1004,A002,Q3-2021,3079147,INR,,3079147
ED1008,A002,2021-Q2,3852657,INR,Real estate slowdown,3852657
ED1005,A001,Q3-2020,49897.98,USD,,4141532.34
ED1003,A002,Q1-2023,3981935,INR,,3981935
ED1005,A001,4th Qtr 2019,3826439,INR,,3826439
ED1001,A003,Q3-2021,4270354,INR,,4270354
ED1007,A004,4th Qtr 2024,1153858,INR,,1153858
ED1008,A001,4th Qtr 2022,3729500,INR,,3729500
ED1004,A001,2020-Q2,2759067,INR,,2759067
ED1007,A003,Q1-2021,1940221,INR,,1940221
ED1010,A002,Q1-2020,14187.22,EUR,,1276849.8
ED1004,A001,Q3-2020,22253.79,EUR,,2002841.1
ED1001,A003,Q3-2023,3552316,INR,New FMCG client onboarded,3552316
ED1003,A003,2024-Q2,3459556,INR,,3459556
ED1005,A003,Q1-2023,1351953,INR,,1351953
ED1003,A002,Q3-2021,1691552,INR,,1691552
ED1005,A002,Q1-2024,1142518,INR,,1142518
ED1002,A004,2019-Q2,2528929,INR,,2528929
ED1001,A001,Q1-2019,26280.06,USD,,2181244.98
ED1008,A003,Q3-2022,4520446,INR,,4520446
ED1002,A004,Q1-2022,4720623,INR,,4720623
ED1005,A003,2019-Q2,3322438,INR,,3322438
ED1010,A004,Q3-2024,2246906,INR,,2246906
ED1005,A001,4th Qtr 2020,23367.57,EUR,,2103081.3
ED1005,A004,2024-Q2,16719.09,EUR,,1504718.1
ED1003,A002,2024-Q2,59387.54,USD,,4929165.82
ED1005,A004,4th Qtr 2024,56656.18,USD,,4702462.94
ED1003,A003,Q1-2022,1554365,INR,,1554365
ED1004,A003,Q3-2020,2928356,INR,,2928356
ED1004,A002,4th Qtr 2019,4826050,INR,,4826050
ED1010,A004,4th Qtr 2019,3321909,INR,,3321909
ED1002,A004,4th Qtr 2022,3227168,INR,,3227168
ED1007,A001,Q3-2020,2411207,INR,,2411207
ED1009,A002,4th Qtr 2022,35852.82,USD,,2975784.06
ED1002,A003,Q3-2020,2557019,INR,,2557019
ED1008,A004,4th Qtr 2019,1722331,INR,,1722331
ED1005,A002,2022-Q2,1962224,INR,,1962224
ED1006,A003,2020-Q2,3737166,INR,,3737166
ED1001,A002,Q1-2024,37534.53,EUR,,3378107.7
ED1009,A004,2019-Q2,4958821,INR,,4958821
ED1001,A004,Q3-2021,1657516,INR,,1657516
ED1001,A004,4th Qtr 2024,3845449,INR,,3845449
ED1006,A001,Q1-2022,1744690,INR,,1744690
ED1009,A001,4th Qtr 2022,4564855,INR,,4564855
ED1001,A004,Q3-2022,11891.54,EUR,,1070238.6
ED1005,A001,Q3-2019,3003364,INR,,3003364
ED1001,A001,4th Qtr 2024,2534011,INR,,2534011
ED1006,A002,2021-Q2,2946807,INR,,2946807
ED1010,A003,2019-Q2,13495.47,USD,,1120124.01
ED1009,A004,Q1-2020,13526.54,EUR,,1217388.6
ED1007,A002,Q3-2021,12470.92,EUR,,1122382.8
ED1010,A003,Q1-2021,3846340,INR,,3846340
ED1006,A001,Q1-2024,4998136,INR,,4998136
ED1004,A004,2019-Q2,3832278,INR,,3832278
ED1008,A004,Q1-2023,44367.25,USD,,3682481.75
ED1005,A001,4th Qtr 2022,43816.46,USD,,3636766.18
ED1010,A004,Q1-2024,1583347,INR,,1583347
ED1002,A002,2024-Q2,1298949,INR,,1298949
ED1001,A001,Q3-2019,4524919,INR,,4524919
ED1004,A003,Q3-2019,2571209,INR,,2571209
ED1003,A001,Q3-2020,3230011,INR,Festive push,3230011
ED1003,A003,4th Qtr 2020,1592124,INR,,1592124
ED1003,A004,Q3-2023,44750.74,EUR,,4027566.6
ED1002,A003,Q1-2024,4511324,INR,,4511324
ED1007,A004,4th Qtr 2024,4017641,INR,,4017641
ED1006,A001,4th Qtr 2021,36311.26,EUR,,3268013.4
ED1001,A001,2022-Q2,2794391,INR,,2794391
ED1002,A002,Q1-2022,2756304,INR,,2756304
ED1009,A004,Q3-2024,4704138,INR,,4704138
ED1001,A004,Q3-2023,4760181,INR,,4760181
ED1003,A004,Q1-2020,4967293,INR,,4967293
ED1007,A001,Q3-2021,37898.14,USD,,3145545.62
ED1005,A001,Q1-2022,43994.16,USD,,3651515.28
ED1008,A003,2021-Q2,40375.03,EUR,,3633752.7
ED1001,A003,Q1-2021,3639758,INR,,3639758
ED1008,A003,Q1-2022,3344710,INR,,3344710
ED1004,A003,Q3-2022,3383607,INR,,3383607
ED1008,A003,4th Qtr 2022,17798.29,USD,,1477258.07
ED1005,A003,Q1-2020,20528.2,EUR,,1847538
ED1006,A003,4th Qtr 2024,2926883,INR,,2926883
ED1002,A003,Q1-2022,3019429,INR,,3019429
ED1002,A004,4th Qtr 2019,3136084,INR,,3136084
ED1001,A002,2023-Q2,1013534,INR,,1013534
ED1010,A002,Q3-2021,38031.75,USD,,3156635.25
ED1009,A004,Q1-2019,1729353,INR,,1729353
ED1009,A004,Q1-2020,4877131,INR,,4877131
ED1004,A003,2024-Q2,50693.47,USD,,4207558.01
ED1004,A001,2022-Q2,28096.59,EUR,,2528693.1
ED1009,A001,2024-Q2,26211.27,EUR,,2359014.3
ED1005,A002,Q3-2021,3851157,INR,,3851157
ED1001,A001,Q3-2020,2333715,INR,,2333715
ED1004,A002,2021-Q2,2403007,INR,,2403007
ED1006,A003,4th Qtr 2021,27882.13,EUR,,2509391.7
ED1009,A001,2021-Q2,21809.33,USD,,1810174.39
ED1007,A002,Q3-2024,1706575,INR,,1706575
ED1001,A001,Q1-2024,59196.84,USD,,4913337.72
ED1003,A001,Q1-2022,33478.51,USD,,2778716.33
ED1008,A001,Q1-2019,1945999,INR,,1945999
ED1001,A002,2021-Q2,2506056,INR,,2506056
ED1003,A004,Q1-2024,3996707,INR,,3996707
ED1010,A001,2023-Q2,2911019,INR,,2911019
ED1004,A003,Q1-2023,2686607,INR,,2686607
ED1005,A003,Q3-2024,3801474,INR,,3801474
ED1007,A001,Q1-2022,3985309,INR,,3985309
ED1010,A001,Q3-2020,49752.39,USD,,4129448.37
ED1007,A001,2020-Q2,2348389,INR,,2348389
ED1007,A003,Q1-2019,4953284,INR,,4953284
ED1009,A001,Q3-2022,3605109,INR,,3605109
ED1004,A004,2022-Q2,2320062,INR,,2320062
ED1005,A004,2024-Q2,4816160,INR,,4816160
ED1007,A003,Q3-2019,2332937,INR,,2332937
ED1003,A002,Q3-2021,4699320,INR,,4699320
ED1004,A003,4th Qtr 2020,3249448,INR,,3249448
ED1006,A001,Q3-2024,4255942,INR,,4255942
ED1002,A001,2024-Q2,1465133,INR,,1465133
ED1003,A004,2023-Q2,4537278,INR,,4537278
ED1010,A004,Q1-2021,47341.75,USD,,3929365.25
ED1003,A004,Q3-2020,2155154,INR,,2155154
ED1005,A002,Q3-2024,47952.71,EUR,,4315743.9
ED1009,A004,Q3-2023,1464311,INR,,1464311
ED1007,A002,Q1-2022,1488118,INR,,1488118
ED1009,A001,Q1-2019,2337161,INR,,2337161
ED1007,A002,Q1-2022,2247318,INR,,2247318
ED1005,A003,Q3-2021,4888599,INR,,4888599
ED1008,A004,Q3-2021,1460599,INR,,1460599
ED1002,A003,Q3-2021,39951.23,EUR,,3595610.7
ED1002,A004,Q3-2022,4838223,INR,,4838223
ED1010,A001,2021-Q2,36990.61,EUR,,3329154.9
ED1003,A003,Q3-2024,1298402,INR,,1298402
ED1009,A001,4th Qtr 2024,4987124,INR,,4987124
ED1006,A001,4th Qtr 2020,59784.89,USD,,4962145.87
ED1002,A003,Q3-2020,41752.86,USD,,3465487.38
ED1001,A003,Q3-2019,3740973,INR,,3740973
ED1002,A001,2020-Q2,2961688,INR,,2961688
ED1008,A003,2022-Q2,1665511,INR,,1665511
ED1010,A003,2022-Q2,16152.36,USD,,1340645.88
ED1008,A003,4th Qtr 2021,2351298,INR,,2351298
ED1008,A004,4th Qtr 2022,2521142,INR,,2521142
ED1009,A002,4th Qtr 2020,34789.14,USD,,2887498.62
ED1010,A003,Q1-2023,3899226,INR,,3899226
ED1002,A003,Q3-2024,45241.17,EUR,,4071705.3
ED1001,A003,2021-Q2,2543139,INR,Govt. reduced ad spend,2543139
ED1001,A001,Q3-2022,3721926,INR,,3721926
ED1001,A004,Q3-2022,1225358,INR,,1225358
ED1002,A002,Q1-2019,2499244,INR,,2499244
ED1003,A003,4th Qtr 2020,4134867,INR,,4134867
ED1008,A004,2023-Q2,14771.42,USD,,1226027.86
ED1009,A003,2023-Q2,1897920,INR,,1897920
ED1001,A001,Q3-2024,3069870,INR,,3069870
ED1001,A001,4th Qtr 2019,52793.56,EUR,,4751420.4
ED1005,A004,Q1-2022,42132.88,USD,,3497029.04
ED1009,A001,4th Qtr 2019,3467112,INR,,3467112
ED1003,A003,4th Qtr 2021,4248571,INR,,4248571
ED1004,A004,4th Qtr 2024,4266866,INR,,4266866
ED1008,A002,Q3-2022,2997151,INR,,2997151
ED1007,A001,Q1-2019,2977322,INR,,2977322
ED1010,A002,Q1-2022,15811.29,USD,,1312337.07
ED1007,A003,Q3-2020,2702224,INR,,2702224
ED1003,A001,4th Qtr 2021,4013954,INR,,4013954
ED1008,A001,4th Qtr 2019,2231616,INR,Price hike concern,2231616
ED1010,A004,Q1-2019,1241017,INR,,1241017
ED1002,A003,4th Qtr 2019,4972321,INR,,4972321
ED1004,A002,Q1-2019,4062573,INR,,4062573
ED1007,A002,2023-Q2,3266025,INR,,3266025
ED1008,A002,2019-Q2,4837738,INR,,4837738
ED1007,A002,4th Qtr 2021,18674.2,EUR,,1680678
ED1009,A004,4th Qtr 2022,4788760,INR,,4788760
ED1009,A004,4th Qtr 2023,1291000,INR,,1291000
ED1006,A004,Q1-2024,41204.1,EUR,Seasonal drop in demand,3708369
ED1002,A004,Q3-2019,4715699,INR,,4715699
ED1001,A003,4th Qtr 2020,2221235,INR,,2221235
ED1001,A004,2020-Q2,4191570,INR,,4191570
ED1006,A003,2023-Q2,57934.25,USD,,4808542.75
ED1007,A004,Q1-2020,46908.53,USD,Real estate slowdown,3893407.99
ED1004,A003,4th Qtr 2023,4925856,INR,,4925856
ED1004,A003,Q3-2021,3419540,INR,,3419540
ED1005,A003,Q3-2019,59751.6,USD,,4959382.8
ED1008,A003,Q1-2021,4324602,INR,,4324602
ED1007,A001,Q3-2023,2589267,INR,,2589267
ED1004,A003,Q1-2023,49486.83,EUR,,4453814.7
ED1006,A002,Q3-2020,15537.52,EUR,,1398376.8
ED1005,A003,Q3-2022,2724025,INR,,2724025
ED1005,A004,4th Qtr 2022,11305,EUR,,1017450
ED1006,A001,2024-Q2,1167061,INR,,1167061
ED1001,A002,4th Qtr 2019,3587082,INR,,3587082
ED1004,A001,4th Qtr 2021,4818857,INR,,4818857
ED1001,A001,4th Qtr 2020,1549024,INR,,1549024
ED1004,A002,2019-Q2,1288919,INR,,1288919
ED1009,A002,2023-Q2,2110041,INR,,2110041
ED1010,A001,Q3-2023,3913874,INR,,3913874
ED1006,A003,Q1-2019,22285.93,USD,Govt. reduced ad spend,1849732.19
ED1009,A002,Q1-2021,37279.1,USD,,3094165.3
ED1003,A003,4th Qtr 2023,3053015,INR,,3053015
ED1006,A004,4th Qtr 2024,20895.01,EUR,,1880550.9
ED1002,A004,4th Qtr 2020,4202938,INR,,4202938
ED1008,A003,Q3-2023,1402920,INR,,1402920
ED1004,A002,Q3-2024,51059.8,EUR,,4595382
ED1006,A003,4th Qtr 2022,3648057,INR,,3648057
ED1003,A001,2022-Q2,4024129,INR,,4024129
ED1009,A001,2019-Q2,2242474,INR,,2242474
ED1005,A001,Q1-2021,58585.23,USD,,4862574.09
ED1003,A004,4th Qtr 2019,1446422,INR,,1446422
ED1002,A003,2019-Q2,39841.8,USD,,3306869.4
ED1006,A002,Q1-2019,1634846,INR,,1634846
ED1004,A003,Q1-2024,4887198,INR,,4887198
ED1001,A004,Q3-2024,3134304,INR,,3134304
ED1006,A003,Q1-2023,2592351,INR,,2592351
ED1003,A004,Q3-2022,2253751,INR,,2253751
ED1004,A003,Q3-2023,49331.19,USD,,4094488.77
ED1004,A004,Q3-2020,3012509,INR,Govt. reduced ad spend,3012509
ED1002,A002,2020-Q2,1330897,INR,,1330897
ED1009,A002,4th Qtr 2021,1568681,INR,,1568681
ED1002,A002,4th Qtr 2022,1697820,INR,,1697820
ED1002,A002,2023-Q2,4180639,INR,,4180639
ED1009,A002,Q1-2020,3922189,INR,,3922189
ED1005,A003,Q1-2019,2915863,INR,,2915863
ED1004,A002,4th Qtr 2020,1901392,INR,,1901392
ED1001,A004,Q1-2019,1157667,INR,,1157667
ED1010,A003,2024-Q2,2070061,INR,,2070061
ED1005,A001,Q3-2022,2801446,INR,Real estate slowdown,2801446
ED1008,A001,Q1-2020,2577548,INR,Seasonal drop in demand,2577548
ED1006,A004,4th Qtr 2019,4269401,INR,,4269401
ED1004,A001,Q1-2024,4680238,INR,,4680238
ED1002,A001,Q3-2022,3183906,INR,,3183906
ED1004,A002,Q1-2020,1363891,INR,,1363891
ED1005,A002,4th Qtr 2022,1539522,INR,,1539522
ED1005,A003,4th Qtr 2023,23255.31,EUR,,2092977.9
ED1004,A002,4th Qtr 2023,4114010,INR,,4114010
ED1010,A003,2022-Q2,1967075,INR,,1967075
ED1003,A004,Q1-2019,26820.32,EUR,,2413828.8
ED1006,A004,2023-Q2,38727.36,USD,,3214370.88
ED1006,A002,Q3-2022,3740502,INR,,3740502
ED1010,A001,Q1-2019,1568648,INR,,1568648
ED1008,A004,Q3-2020,20679.37,EUR,,1861143.3
ED1004,A001,2023-Q2,3872634,INR,,3872634
ED1007,A001,2024-Q2,51413.87,EUR,,4627248.3
ED1005,A001,Q3-2020,51301.63,EUR,Festive push,4617146.7
ED1005,A004,4th Qtr 2020,2346714,INR,,2346714
ED1001,A004,4th Qtr 2022,1700429,INR,,1700429
ED1004,A001,4th Qtr 2022,1730145,INR,,1730145
ED1003,A001,2023-Q2,34339.28,EUR,,3090535.2
ED1010,A003,4th Qtr 2024,1788698,INR,,1788698
ED1009,A003,Q1-2021,3652377,INR,,3652377
ED1002,A002,4th Qtr 2021,2362968,INR,,2362968
ED1007,A003,Q1-2024,38350.06,EUR,,3451505.4
ED1008,A004,4th Qtr 2021,1943532,INR,,1943532
ED1005,A003,Q1-2024,3299534,INR,,3299534
ED1002,A004,2021-Q2,55147.91,EUR,,4963311.9
ED1006,A001,2022-Q2,23685.67,EUR,,2131710.3
ED1009,A002,Q3-2024,2545604,INR,,2545604
ED1008,A001,2020-Q2,23110.02,USD,,1918131.66
ED1006,A002,Q1-2019,4673238,INR,,4673238
ED1003,A003,4th Qtr 2021,2257263,INR,,2257263
ED1005,A001,2020-Q2,37692.81,EUR,,3392352.9
ED1009,A004,2022-Q2,3795400,INR,,3795400
ED1010,A003,Q3-2022,30933.67,EUR,,2784030.3
ED1003,A001,2019-Q2,4636340,INR,,4636340
ED1002,A003,2023-Q2,29249.16,USD,,2427680.28
ED1008,A004,2024-Q2,1139960,INR,,1139960
ED1009,A001,Q1-2023,4601761,INR,,4601761
ED1003,A002,2022-Q2,3429276,INR,,3429276
ED1010,A003,Q3-2022,1813545,INR,,1813545
ED1006,A003,2024-Q2,4734800,INR,,4734800
ED1006,A002,4th Qtr 2019,3038452,INR,,3038452
ED1010,A002,Q1-2024,2432030,INR,,2432030
ED1008,A004,Q1-2020,3167891,INR,,3167891
ED1005,A004,4th Qtr 2021,2067307,INR,,2067307
ED1010,A002,Q3-2023,3008673,INR,,3008673
ED1002,A003,4th Qtr 2024,30410.39,USD,,2524062.37
ED1002,A004,4th Qtr 2024,1736314,INR,,1736314
ED1006,A001,2024-Q2,20777.43,EUR,,1869968.7
ED1005,A001,Q3-2021,35180.25,USD,,2919960.75
ED1001,A003,Q3-2020,3607897,INR,,3607897
ED1003,A003,2021-Q2,2319824,INR,Price hike concern,2319824
ED1009,A002,Q3-2019,3683837,INR,,3683837
ED1005,A003,Q1-2021,4958980,INR,,4958980
ED1010,A003,4th Qtr 2020,4013324,INR,,4013324
ED1001,A001,Q1-2020,2196738,INR,,2196738
ED1005,A001,2020-Q2,21143.66,EUR,,1902929.4
ED1005,A004,Q3-2024,3124393,INR,Govt. reduced ad spend,3124393
ED1001,A002,Q1-2021,15187.66,EUR,,1366889.4
ED1008,A003,Q3-2021,3602288,INR,,3602288
ED1003,A002,Q1-2021,35624.82,EUR,,3206233.8
ED1001,A001,Q1-2022,2467151,INR,,2467151
ED1008,A001,Q3-2024,1440157,INR,,1440157
ED1004,A003,2021-Q2,23117.24,USD,,1918730.92
ED1005,A003,4th Qtr 2019,39529.81,USD,,3280974.23
ED1007,A001,4th Qtr 2021,2910074,INR,,2910074
ED1004,A004,Q3-2023,3464732,INR,New FMCG client onboarded,3464732
ED1003,A001,4th Qtr 2019,41749.7,EUR,,3757473
ED1002,A002,Q3-2023,49986.7,USD,,4148896.1
ED1010,A003,Q3-2021,2361346,INR,Price hike concern,2361346
ED1005,A002,2023-Q2,4410443,INR,,4410443
ED1004,A001,4th Qtr 2024,4810814,INR,,4810814
ED1002,A002,2022-Q2,4984162,INR,,4984162
ED1006,A001,Q1-2022,2236757,INR,,2236757
ED1003,A003,2021-Q2,4221131,INR,,4221131
ED1008,A001,Q3-2019,3072966,INR,,3072966
ED1010,A004,Q1-2023,2331273,INR,,2331273
ED1001,A002,4th Qtr 2023,4878582,INR,,4878582
ED1010,A003,4th Qtr 2019,1433676,INR,,1433676
ED1004,A001,Q3-2019,4477898,INR,,4477898
ED1004,A004,2024-Q2,3762752,INR,,3762752
ED1001,A003,2020-Q2,3106488,INR,,3106488
ED1010,A003,4th Qtr 2024,1971646,INR,,1971646
ED1005,A004,4th Qtr 2021,4560605,INR,,4560605
ED1004,A002,2022-Q2,52645.82,EUR,,4738123.8
ED1007,A003,2020-Q2,1113633,INR,,1113633
ED1010,A004,2022-Q2,3171928,INR,,3171928
ED1003,A002,4th Qtr 2022,4872915,INR,,4872915
ED1008,A002,4th Qtr 2024,4506722,INR,,4506722
ED1009,A001,4th Qtr 2023,4786886,INR,,4786886
ED1007,A003,2019-Q2,51670.81,EUR,,4650372.9
ED1002,A003,4th Qtr 2020,2708457,INR,,2708457
ED1003,A002,Q1-2022,4550543,INR,,4550543
ED1005,A003,Q1-2020,1069470,INR,,1069470
ED1010,A001,4th Qtr 2023,1717472,INR,,1717472
ED1008,A001,Q1-2021,2650525,INR,,2650525
ED1007,A003,Q3-2023,2937499,INR,,2937499
ED1007,A003,2023-Q2,1917336,INR,,1917336
ED1009,A001,4th Qtr 2023,21744.55,USD,,1804797.65
ED1009,A003,Q3-2020,1446083,INR,,1446083
ED1001,A003,2019-Q2,2783959,INR,,2783959
ED1010,A004,4th Qtr 2023,22582.33,EUR,,2032409.7
ED1001,A004,4th Qtr 2022,2257381,INR,,2257381
ED1006,A004,Q3-2024,1448247,INR,,1448247
ED1008,A003,Q1-2022,1589196,INR,,1589196
ED1003,A001,2021-Q2,16475.22,USD,,1367443.26
ED1001,A001,2020-Q2,1548511,INR,,1548511
ED1001,A003,Q1-2023,1621044,INR,Price hike concern,1621044
ED1010,A002,4th Qtr 2022,4967832,INR,,4967832
ED1010,A001,4th Qtr 2019,1889735,INR,,1889735
ED1001,A004,2019-Q2,2173878,INR,,2173878
ED1007,A003,Q1-2023,3509884,INR,,3509884
ED1007,A003,4th Qtr 2019,54711.36,USD,,4541042.88
ED1005,A004,2021-Q2,2267404,INR,,2267404
ED1010,A003,Q1-2020,2435643,INR,,2435643
ED1004,A001,Q3-2024,3823559,INR,,3823559
ED1002,A003,Q1-2021,4173283,INR,,4173283
ED1004,A003,4th Qtr 2024,2938517,INR,,2938517
ED1007,A002,4th Qtr 2019,1370821,INR,,1370821
ED1004,A001,4th Qtr 2019,4016088,INR,,4016088
ED1001,A001,Q1-2021,48110.01,EUR,,4329900.9
ED1010,A004,2020-Q2,3061306,INR,,3061306
ED1004,A003,4th Qtr 2022,3494727,INR,,3494727
ED1001,A002,Q1-2023,30228.93,EUR,,2720603.7
ED1006,A001,2019-Q2,3890750,INR,,3890750
ED1004,A003,Q1-2020,3304212,INR,,3304212
ED1001,A003,Q1-2022,24385.07,EUR,,2194656.3
ED1003,A002,Q1-2020,33546.32,EUR,,3019168.8
ED1004,A001,4th Qtr 2020,3816051,INR,,3816051
ED1010,A002,Q3-2022,15046.42,EUR,,1354177.8
ED1006,A004,Q1-2020,38802.59,EUR,,3492233.1
ED1006,A003,4th Qtr 2019,33936.51,EUR,,3054285.9
ED1003,A001,Q3-2021,48218.2,EUR,,4339638
ED1009,A003,4th Qtr 2021,49280.83,EUR,,4435274.7
ED1002,A003,Q3-2023,3689392,INR,,3689392
ED1008,A003,Q1-2021,22624.54,EUR,,2036208.6
ED1003,A001,Q1-2023,4893012,INR,,4893012
ED1009,A002,Q1-2022,3964411,INR,,3964411
ED1009,A001,Q3-2022,2342218,INR,,2342218
ED1007,A004,Q1-2021,3862439,INR,,3862439
ED1010,A004,4th Qtr 2020,4980925,INR,,4980925
ED1007,A002,Q1-2023,1421291,INR,,1421291
ED1010,A001,4th Qtr 2022,2364194,INR,,2364194
ED1009,A001,4th Qtr 2020,2968799,INR,,2968799
ED1009,A003,Q3-2022,55165.43,EUR,,4964888.7
ED1001,A001,Q3-2024,4582286,INR,,4582286
ED1007,A004,2022-Q2,34710.31,EUR,,3123927.9
ED1003,A004,Q1-2021,2316140,INR,,2316140
ED1007,A001,Q1-2020,3497742,INR,,3497742
ED1007,A003,4th Qtr 2022,4780497,INR,,4780497
ED1003,A003,Q3-2020,3877434,INR,,3877434
ED1005,A002,4th Qtr 2020,49535.57,USD,,4111452.31
ED1003,A001,Q1-2023,3185748,INR,,3185748
ED1008,A003,Q3-2019,2873833,INR,Real estate slowdown,2873833
ED1006,A003,2019-Q2,1422981,INR,,1422981
ED1006,A003,4th Qtr 2020,55483.16,USD,,4605102.28
ED1010,A003,Q1-2019,2035190,INR,,2035190
ED1008,A002,2020-Q2,22813.23,EUR,,2053190.7
ED1003,A004,Q3-2019,4985211,INR,,4985211
ED1007,A001,Q1-2023,2006650,INR,,2006650
ED1007,A002,2024-Q2,3620989,INR,,3620989
ED1004,A004,4th Qtr 2019,3442364,INR,,3442364
ED1009,A003,2022-Q2,1813467,INR,,1813467
ED1009,A001,2020-Q2,4981686,INR,Price hike concern,4981686
ED1002,A004,Q3-2021,33423.65,USD,,2774162.95
ED1006,A002,Q1-2024,24914.08,USD,,2067868.64
ED1006,A001,4th Qtr 2023,4468958,INR,Festive push,4468958
ED1010,A002,Q3-2019,34801.63,EUR,,3132146.7
ED1008,A004,2022-Q2,37911.13,EUR,,3412001.7
ED1002,A003,Q1-2019,1126588,INR,,1126588
ED1002,A001,Q3-2022,4175234,INR,,4175234
ED1006,A001,4th Qtr 2022,3108487,INR,,3108487
ED1010,A003,4th Qtr 2022,1962982,INR,,1962982
ED1002,A003,4th Qtr 2022,4966317,INR,,4966317
ED1001,A003,2023-Q2,4669703,INR,,4669703
ED1003,A001,Q3-2019,4007884,INR,,4007884
ED1006,A003,Q3-2022,23576.39,EUR,,2121875.1
ED1010,A003,2021-Q2,3085027,INR,,3085027
ED1003,A001,2024-Q2,2343727,INR,,2343727
ED1007,A003,4th Qtr 2023,23946.39,EUR,,2155175.1
ED1008,A001,4th Qtr 2019,4297881,INR,,4297881
ED1007,A001,Q3-2024,4676770,INR,,4676770
ED1008,A004,Q1-2023,4986784,INR,,4986784
ED1001,A004,Q3-2019,2410985,INR,,2410985
ED1009,A001,Q3-2019,2121905,INR,Seasonal drop in demand,2121905
ED1001,A001,Q1-2022,29408.76,EUR,,2646788.4
ED1007,A001,Q3-2020,1651218,INR,,1651218
ED1002,A002,Q3-2024,13010.41,USD,,1079864.03
ED1004,A003,Q1-2022,1805533,INR,,1805533
ED1005,A004,2020-Q2,4342961,INR,,4342961
ED1009,A001,4th Qtr 2019,4946735,INR,,4946735
ED1008,A004,2022-Q2,2400998,INR,,2400998
ED1006,A001,Q3-2019,13498.81,EUR,,1214892.9
ED1001,A003,4th Qtr 2023,1935650,INR,,1935650
ED1002,A003,2022-Q2,1132827,INR,,1132827
ED1008,A003,Q1-2020,1284777,INR,,1284777
ED1008,A002,4th Qtr 2020,1144678,INR,,1144678
ED1009,A001,2024-Q2,3173394,INR,,3173394
ED1004,A002,4th Qtr 2022,1148038,INR,,1148038
ED1009,A001,2021-Q2,2275804,INR,,2275804
ED1005,A002,4th Qtr 2019,23777.63,EUR,,2139986.7
ED1007,A001,4th Qtr 2022,34206.77,USD,,2839161.91
ED1006,A003,Q3-2023,43606.69,USD,,3619355.27
ED1003,A001,Q3-2019,4456931,INR,,4456931
ED1007,A002,Q1-2019,4532792,INR,,4532792
ED1008,A003,Q3-2024,2913507,INR,,2913507
ED1007,A003,Q3-2019,25419.59,EUR,,2287763.1
ED1010,A001,4th Qtr 2021,22988.17,EUR,,2068935.3
ED1004,A003,Q1-2023,2164635,INR,,2164635
ED1009,A004,Q1-2023,42391.37,USD,,3518483.71
ED1005,A001,4th Qtr 2024,2911066,INR,,2911066
ED1009,A002,Q1-2024,2835620,INR,,2835620
ED1007,A004,Q3-2023,27144.1,EUR,,2442969
ED1003,A002,2019-Q2,1889084,INR,,1889084
ED1003,A001,Q1-2019,2958468,INR,,2958468
ED1008,A004,4th Qtr 2020,4540171,INR,,4540171
ED1010,A003,Q3-2020,4185890,INR,,4185890
ED1008,A002,4th Qtr 2021,2511683,INR,,2511683
ED1005,A001,Q1-2024,3635048,INR,,3635048
ED1007,A004,Q3-2021,3994862,INR,,3994862
ED1005,A003,Q1-2022,3257281,INR,,3257281
ED1003,A002,Q3-2022,4246611,INR,,4246611
ED1002,A001,2023-Q2,1007440,INR,,1007440
ED1009,A003,4th Qtr 2021,2446120,INR,,2446120
ED1002,A003,4th Qtr 2024,4493893,INR,,4493893
ED1010,A001,Q1-2022,1048719,INR,,1048719
ED1003,A002,2023-Q2,2682267,INR,,2682267
ED1004,A004,2024-Q2,4408072,INR,,4408072
ED1005,A001,2019-Q2,1441950,INR,,1441950
ED1006,A003,2022-Q2,2973670,INR,,2973670
ED1002,A003,Q1-2023,49507.6,USD,,4109130.8
ED1003,A003,2022-Q2,4711892,INR,,4711892
ED1003,A002,4th Qtr 2023,1602294,INR,,1602294
ED1007,A003,Q3-2019,1040707,INR,,1040707
ED1004,A001,Q3-2021,3602816,INR,,3602816
ED1006,A002,Q3-2023,3736649,INR,,3736649
ED1009,A003,Q1-2024,3068334,INR,,3068334
ED1002,A001,4th Qtr 2023,4557145,INR,,4557145
ED1006,A001,Q3-2022,2584494,INR,,2584494
ED1010,A001,Q3-2021,45408.87,EUR,,4086798.3
ED1008,A003,Q3-2023,59989.33,USD,,4979114.39
ED1004,A003,2019-Q2,2572015,INR,,2572015
ED1010,A002,2019-Q2,18776.23,EUR,,1689860.7
ED1009,A003,2021-Q2,4684030,INR,,4684030
ED1010,A004,Q3-2019,24847.89,USD,,2062374.87
ED1009,A003,Q3-2020,1371953,INR,,1371953
ED1006,A003,Q1-2021,32130.26,EUR,Price hike concern,2891723.4
ED1010,A002,Q1-2023,3081065,INR,,3081065
ED1008,A001,2019-Q2,38480.02,EUR,,3463201.8
ED1004,A003,2023-Q2,4961514,INR,,4961514
ED1007,A002,4th Qtr 2019,3446022,INR,,3446022
ED1007,A003,2024-Q2,44813.64,USD,,3719532.12
ED1002,A004,2022-Q2,3894529,INR,,3894529
ED1004,A001,2020-Q2,1711910,INR,,1711910
ED1009,A003,Q1-2023,19196.84,USD,,1593337.72
ED1006,A002,Q1-2020,49948.29,USD,,4145708.07
ED1004,A002,2020-Q2,42434.93,EUR,,3819143.7
ED1008,A004,2024-Q2,1714777,INR,,1714777
ED1005,A002,2021-Q2,58809.96,USD,,4881226.68
ED1006,A001,Q1-2023,3556118,INR,,3556118
ED1009,A003,Q3-2024,3242780,INR,,3242780
ED1005,A002,4th Qtr 2024,4284607,INR,,4284607
ED1004,A003,Q3-2022,4130337,INR,,4130337
ED1004,A003,Q3-2024,1226711,INR,,1226711
ED1006,A004,2020-Q2,2848489,INR,,2848489
ED1006,A003,Q1-2021,34110.72,USD,,2831189.76
ED1004,A001,Q3-2019,4186647,INR,,4186647
ED1010,A002,4th Qtr 2021,30534.02,EUR,,2748061.8
ED1009,A002,4th Qtr 2019,47187.63,EUR,,4246886.7
ED1007,A004,2022-Q2,18283.01,USD,,1517489.83
ED1005,A001,4th Qtr 2023,3943869,INR,,3943869
ED1008,A003,Q1-2019,1629690,INR,,1629690
ED1010,A004,Q1-2024,46596.27,USD,,3867490.41
ED1010,A003,2020-Q2,50542.95,USD,,4195064.85
ED1009,A004,4th Qtr 2024,19207.25,USD,,1594201.75
ED1009,A003,Q1-2022,4592455,INR,,4592455
ED1009,A004,Q3-2021,27018.28,USD,Seasonal drop in demand,2242517.24
ED1008,A001,2023-Q2,4967532,INR,,4967532
ED1009,A003,Q1-2019,21876.51,EUR,,1968885.9
ED1002,A001,Q1-2020,2646238,INR,,2646238
ED1004,A003,Q1-2021,25762.24,USD,,2138265.92
ED1003,A004,2020-Q2,2017027,INR,Festive push,2017027
ED1008,A004,Q3-2020,1878059,INR,,1878059
ED1001,A001,4th Qtr 2021,2104949,INR,,2104949
ED1008,A001,Q1-2022,2665096,INR,,2665096
ED1003,A001,Q1-2021,45565.06,EUR,,4100855.4
ED1009,A002,2022-Q2,1005833,INR,,1005833
ED1009,A003,Q3-2021,2349198,INR,,2349198
ED1010,A002,2021-Q2,3397133,INR,,3397133
ED1002,A001,4th Qtr 2020,2676615,INR,New FMCG client onboarded,2676615
ED1008,A002,4th Qtr 2023,4234838,INR,,4234838
ED1004,A001,Q1-2021,2456742,INR,,2456742
ED1008,A004,4th Qtr 2024,1607664,INR,,1607664
ED1007,A004,2021-Q2,1700195,INR,,1700195
ED1008,A003,Q1-2023,32444.49,USD,,2692892.67
ED1009,A004,Q3-2023,3402477,INR,,3402477
ED1003,A002,Q1-2024,3664114,INR,,3664114
ED1006,A001,Q3-2021,16038.69,USD,,1331211.27
ED1006,A003,Q1-2022,4117736,INR,,4117736
ED1009,A001,Q3-2021,2170763,INR,,2170763
ED1004,A004,Q1-2019,2809027,INR,,2809027
ED1001,A001,2019-Q2,3695135,INR,,3695135
ED1009,A003,2024-Q2,1478853,INR,,1478853
ED1008,A001,Q3-2022,4738474,INR,,4738474
ED1002,A004,Q1-2021,4774237,INR,,4774237
ED1008,A003,4th Qtr 2024,39884.89,USD,,3310445.87
ED1006,A001,4th Qtr 2022,2169207,INR,,2169207
ED1007,A003,4th Qtr 2024,4974528,INR,,4974528
ED1001,A003,4th Qtr 2022,4772787,INR,,4772787
ED1001,A002,Q3-2021,55134.24,USD,,4576141.92
ED1003,A001,Q3-2023,1973364,INR,,1973364
ED1002,A001,Q1-2024,1394357,INR,,1394357
ED1001,A001,2021-Q2,3966415,INR,,3966415
ED1009,A001,Q3-2023,21459.14,EUR,,1931322.6
ED1004,A002,Q1-2020,1570853,INR,,1570853
ED1007,A001,4th Qtr 2023,1612425,INR,,1612425
ED1006,A001,Q3-2020,1623335,INR,,1623335
ED1005,A001,Q1-2019,36491.02,USD,,3028754.66
ED1006,A002,4th Qtr 2023,12290.23,USD,,1020089.09
ED1006,A003,Q3-2021,27832.44,EUR,New FMCG client onboarded,2504919.6
ED1009,A002,2020-Q2,4660210,INR,,4660210
ED1007,A003,Q3-2024,2336952,INR,,2336952
ED1002,A003,Q3-2024,1283216,INR,,1283216
ED1001,A004,Q1-2024,27265.55,USD,,2263040.65
ED1007,A002,2022-Q2,2425602,INR,,2425602
ED1002,A003,Q3-2023,4724579,INR,,4724579
ED1010,A004,2023-Q2,2676505,INR,,2676505
ED1008,A001,2020-Q2,1271035,INR,,1271035
ED1001,A001,2024-Q2,18571.84,EUR,,1671465.6
ED1001,A003,Q1-2020,4541077,INR,,4541077
ED1003,A003,Q1-2020,40112.34,EUR,,3610110.6
ED1001,A001,2022-Q2,3205772,INR,,3205772
ED1007,A004,Q1-2024,2112519,INR,,2112519
ED1006,A001,Q3-2020,3687266,INR,,3687266
ED1003,A001,Q3-2022,4205147,INR,,4205147
ED1004,A003,Q1-2019,2265768,INR,,2265768
ED1001,A002,2023-Q2,2483459,INR,,2483459
ED1005,A001,Q1-2023,2150662,INR,Festive push,2150662
ED1005,A002,Q3-2019,2500877,INR,,2500877
ED1004,A003,4th Qtr 2021,2039998,INR,,2039998
ED1007,A003,2021-Q2,4260601,INR,Real estate slowdown,4260601
ED1007,A001,4th Qtr 2020,1338225,INR,,1338225
ED1010,A003,4th Qtr 2024,4377444,INR,,4377444
ED1004,A004,2023-Q2,2622090,INR,,2622090
ED1003,A001,4th Qtr 2023,2948726,INR,,2948726
ED1003,A001,2020-Q2,2045271,INR,Festive push,2045271
ED1008,A001,2023-Q2,16232.37,USD,,1347286.71
ED1006,A004,2022-Q2,16558.55,USD,,1374359.65
ED1007,A001,Q3-2022,3711664,INR,,3711664
ED1002,A003,4th Qtr 2021,3150304,INR,,3150304
ED1008,A003,Q1-2024,31314.54,EUR,,2818308.6
ED1006,A001,2021-Q2,26069.72,EUR,,2346274.8
ED1001,A002,Q1-2019,4435378,INR,,4435378
ED1010,A002,4th Qtr 2020,1990495,INR,,1990495
ED1008,A003,4th Qtr 2023,1096674,INR,,1096674
ED1002,A001,Q3-2019,2936467,INR,,2936467
ED1003,A001,Q1-2024,30418.09,EUR,,2737628.1
ED1001,A003,4th Qtr 2021,30490.96,USD,,2530749.68
ED1008,A003,2019-Q2,3170086,INR,,3170086
ED1006,A004,Q3-2024,4540957,INR,,4540957
ED1007,A003,4th Qtr 2020,3184920,INR,,3184920
ED1006,A004,Q3-2019,4030737,INR,,4030737
ED1002,A001,Q3-2020,40774.12,USD,,3384251.96
ED1005,A003,2023-Q2,37086.6,USD,,3078187.8
ED1008,A002,Q1-2024,4624074,INR,,4624074
ED1005,A002,4th Qtr 2023,4129239,INR,,4129239
ED1004,A004,Q1-2021,35273.36,EUR,,3174602.4
ED1001,A004,Q1-2020,3709171,INR,,3709171
ED1005,A003,2021-Q2,1190378,INR,,1190378
ED1009,A002,Q1-2021,1654700,INR,,1654700
ED1006,A001,2021-Q2,4989760,INR,,4989760
ED1004,A004,4th Qtr 2023,2078245,INR,,2078245
ED1003,A002,4th Qtr 2020,12273.08,USD,,1018665.64
ED1010,A003,2024-Q2,1682639,INR,,1682639
ED1009,A001,4th Qtr 2024,2630209,INR,,2630209
ED1007,A004,2023-Q2,1600593,INR,,1600593
ED1010,A002,Q3-2023,2398271,INR,,2398271
ED1008,A002,Q1-2019,1676873,INR,,1676873
ED1004,A002,2021-Q2,3087268,INR,,3087268
ED1008,A003,Q1-2024,2895087,INR,Govt. reduced ad spend,2895087
ED1008,A004,4th Qtr 2023,4705301,INR,Festive push,4705301
ED1003,A001,4th Qtr 2022,1450598,INR,,1450598
ED1007,A001,Q3-2022,2773154,INR,,2773154
ED1010,A004,4th Qtr 2021,2003505,INR,,2003505
ED1008,A001,Q3-2019,36663.01,EUR,,3299670.9
ED1001,A002,4th Qtr 2023,48288.12,EUR,,4345930.8
ED1007,A004,Q3-2022,39750.9,USD,,3299324.7
ED1008,A001,Q3-2023,1294633,INR,Seasonal drop in demand,1294633
ED1004,A003,Q1-2022,1463619,INR,,1463619
ED1001,A004,4th Qtr 2020,1635330,INR,,1635330
ED1005,A001,Q1-2021,1298054,INR,,1298054
ED1007,A001,2021-Q2,48055.07,USD,,3988570.81
ED1003,A002,2020-Q2,16390.19,USD,,1360385.77
ED1004,A001,Q1-2024,4137507,INR,,4137507
ED1003,A003,4th Qtr 2022,4320534,INR,,4320534
ED1006,A001,Q1-2021,4951068,INR,,4951068
ED1006,A001,2023-Q2,1928197,INR,,1928197
ED1007,A004,4th Qtr 2023,2774254,INR,,2774254
ED1005,A003,Q3-2023,4163232,INR,,4163232
ED1005,A003,Q3-2020,1986578,INR,,1986578
ED1010,A004,Q1-2020,3454438,INR,New FMCG client onboarded,3454438
ED1002,A002,4th Qtr 2023,3263186,INR,,3263186
ED1010,A002,2020-Q2,17146.08,USD,Price hike concern,1423124.64
ED1002,A002,2021-Q2,1599170,INR,,1599170
ED1006,A001,Q1-2020,4563048,INR,,4563048
ED1002,A004,2020-Q2,3624128,INR,,3624128
ED1007,A001,Q1-2021,1095249,INR,,1095249
ED1005,A003,Q3-2022,14633.61,USD,,1214589.63
ED1003,A003,4th Qtr 2024,2368313,INR,,2368313
ED1007,A003,4th Qtr 2021,2062449,INR,,2062449
ED1002,A001,Q1-2023,2867547,INR,,2867547
ED1009,A004,Q1-2022,4945671,INR,,4945671
ED1001,A001,Q3-2020,2179280,INR,,2179280
ED1010,A001,2023-Q2,49436.5,EUR,,4449285
ED1001,A004,4th Qtr 2024,1796584,INR,,1796584
ED1002,A004,4th Qtr 2021,3341770,INR,,3341770
ED1004,A001,Q3-2023,35322.16,USD,,2931739.28
ED1007,A002,2019-Q2,4981620,INR,,4981620
ED1002,A003,Q3-2021,17092.9,USD,Real estate slowdown,1418710.7
